time,ukf_X x,ukf_X y,ukf_X z,ukf_X k
2026-04-21T20:10:00Z,-0.23213480412960052,0.23321756720542908,-0.3414033055305481,0.8804355263710022
2026-04-21T20:10:10Z,-0.23478963971138,0.23887711763381958,-0.3431372046470642,0.8775354027748108
2026-04-21T20:10:20Z,-0.23833556473255157,0.24477815628051758,-0.34356042742729187,0.874783456325531
2026-04-21T20:10:30Z,-0.24149322509765625,0.24913467466831207,-0.3438882827758789,0.8725558519363403
2026-04-21T20:10:40Z,-0.24477356672286987,0.2533925473690033,-0.34379178285598755,0.8704512715339661
2026-04-21T20:10:50Z,-0.24689079821109772,0.2557148039340973,-0.34459421038627625,0.8688554167747498
2026-04-21T20:11:00Z,-0.24954919517040253,0.26226282119750977,-0.3454218804836273,0.8658100366592407
2026-04-21T20:11:10Z,-0.2532294988632202,0.2692187428474426,-0.3452610373497009,0.862665057182312
2026-04-21T20:11:20Z,-0.25681814551353455,0.27585139870643616,-0.34458428621292114,0.8597744703292847
2026-04-21T20:11:30Z,-0.25845012068748474,0.28210529685020447,-0.3460952043533325,0.856643557548523
2026-04-21T20:11:40Z,-0.2602428197860718,0.2868249714374542,-0.3463430106639862,0.8544305562973022
2026-04-21T20:11:50Z,-0.26336869597435,0.29202884435653687,-0.34532591700553894,0.8521185517311096
2026-04-21T20:12:00Z,-0.2670655846595764,0.2973160445690155,-0.34435558319091797,0.8495283722877502
2026-04-21T20:12:10Z,-0.2699383795261383,0.3027888238430023,-0.3442259430885315,0.8467352986335754
2026-04-21T20:12:20Z,-0.2723749876022339,0.3080989122390747,-0.344384104013443,0.8439706563949585
2026-04-21T20:12:30Z,-0.27409765124320984,0.3141132891178131,-0.3447263538837433,0.8410511016845703
2026-04-21T20:12:40Z,-0.27645477652549744,0.319676011800766,-0.34410950541496277,0.8384323120117188
2026-04-21T20:12:50Z,-0.27957630157470703,0.325499951839447,-0.3434128165245056,0.8354366421699524
2026-04-21T20:13:00Z,-0.282125324010849,0.3307167589664459,-0.34282010793685913,0.8327701687812805
2026-04-21T20:13:10Z,-0.2843036651611328,0.33730068802833557,-0.34302374720573425,0.8292975425720215
2026-04-21T20:13:20Z,-0.2848915457725525,0.3435506820678711,-0.3434935510158539,0.8263303637504578
2026-04-21T20:13:30Z,-0.2864096760749817,0.34875816106796265,-0.34359973669052124,0.823575496673584
2026-04-21T20:13:40Z,-0.28870052099227905,0.35431644320487976,-0.34253638982772827,0.820841372013092
2026-04-21T20:13:50Z,-0.2903711795806885,0.3595448434352875,-0.3428274691104889,0.8178516626358032
2026-04-21T20:14:00Z,-0.29186224937438965,0.36256495118141174,-0.34194323420524597,0.8163565397262573
2026-04-21T20:14:10Z,-0.29561948776245117,0.3654307723045349,-0.33993595838546753,0.8145630955696106
2026-04-21T20:14:20Z,-0.2928207516670227,0.3602570593357086,-0.34208574891090393,0.8169750571250916
2026-04-21T20:14:30Z,-0.27336475253105164,0.30397555232048035,-0.36371180415153503,0.8370091915130615
2026-04-21T20:14:40Z,-0.26684486865997314,0.28223007917404175,-0.3703174889087677,0.843803882598877
2026-04-21T20:14:50Z,-0.27273014187812805,0.28353074193000793,-0.37387531995773315,0.8399083018302917
2026-04-21T20:15:00Z,-0.27038487792015076,0.3037366271018982,-0.3717067241668701,0.8345478773117065
2026-04-21T20:15:10Z,-0.2759285271167755,0.3271433711051941,-0.36897435784339905,0.8250446319580078
2026-04-21T20:15:20Z,-0.28579434752464294,0.3593829870223999,-0.3652985394001007,0.809766948223114
2026-04-21T20:15:30Z,-0.2959940731525421,0.38986578583717346,-0.36098042130470276,0.793779194355011
2026-04-21T20:15:40Z,-0.3046652674674988,0.42770183086395264,-0.3515275716781616,0.7750345468521118
2026-04-21T20:15:50Z,-0.30905285477638245,0.4645772874355316,-0.3423750102519989,0.7559322714805603
2026-04-21T20:16:00Z,-0.3102918565273285,0.503862202167511,-0.33277419209480286,0.7342364192008972
2026-04-21T20:16:10Z,-0.3052331209182739,0.5387818217277527,-0.32398056983947754,0.7152506709098816
2026-04-21T20:16:20Z,-0.29386577010154724,0.5756040215492249,-0.3123900592327118,0.6962293982505798
2026-04-21T20:16:30Z,-0.27485862374305725,0.6072084903717041,-0.29686978459358215,0.6838266849517822
2026-04-21T20:16:40Z,-0.08411747962236404,0.6963146328926086,-0.139775812625885,0.6989513635635376
2026-04-21T20:16:50Z,0.2632025480270386,0.7686647176742554,-0.0035076120402663946,0.5829809904098511
2026-04-21T20:17:00Z,0.35153573751449585,0.7972806096076965,-0.04634099453687668,0.48848623037338257
2026-04-21T20:17:10Z,0.31281861662864685,0.816196858882904,-0.13374026119709015,0.4669911861419678
2026-04-21T20:17:20Z,0.1977183073759079,0.8070916533470154,-0.21770647168159485,0.5119712352752686
2026-04-21T20:17:30Z,-0.015370907261967659,0.749871551990509,-0.28926578164100647,0.5947955846786499
2026-04-21T20:17:40Z,-0.15098096430301666,0.67755526304245,-0.3240296244621277,0.6427506804466248
2026-04-21T20:17:50Z,-0.2695397734642029,0.6039096713066101,-0.3317660987377167,0.6727352142333984
2026-04-21T20:18:00Z,-0.3304676413536072,0.558103084564209,-0.32868054509162903,0.6864992380142212
2026-04-21T20:18:10Z,-0.3966962695121765,0.5212085247039795,-0.3196904957294464,0.6846691370010376
2026-04-21T20:18:20Z,-0.44747769832611084,0.49839726090431213,-0.30940085649490356,0.6750073432922363
2026-04-21T20:18:30Z,-0.5149158835411072,0.45446300506591797,-0.28506413102149963,0.6686279773712158
2026-04-21T20:18:40Z,-0.5568113923072815,0.42956408858299255,-0.26673173904418945,0.6590067744255066
2026-04-21T20:18:50Z,-0.5851649045944214,0.41305869817733765,-0.2485651969909668,0.6520582437515259
2026-04-21T20:19:00Z,-0.5997713208198547,0.40446433424949646,-0.23647712171077728,0.6486613750457764
2026-04-21T20:19:10Z,-0.6091458201408386,0.3996335566043854,-0.2282358855009079,0.6458659768104553
2026-04-21T20:19:20Z,-0.6121193766593933,0.39702108502388,-0.2245236188173294,0.6459670066833496
2026-04-21T20:19:30Z,-0.6099746227264404,0.3968212902545929,-0.21957622468471527,0.6498076915740967
2026-04-21T20:19:40Z,-0.6052998900413513,0.39851635694503784,-0.21524553000926971,0.6545732021331787
2026-04-21T20:19:50Z,-0.599571168422699,0.4029044508934021,-0.21029093861579895,0.65875643491745
2026-04-21T20:20:00Z,-0.5768051743507385,0.425332248210907,-0.2196422517299652,0.6619256138801575
2026-04-21T20:20:10Z,-0.5475974678993225,0.44969120621681213,-0.23026388883590698,0.667003333568573
2026-04-21T20:20:20Z,-0.5273286700248718,0.4650653600692749,-0.2370700091123581,0.6704002618789673
2026-04-21T20:20:30Z,-0.513176441192627,0.47776326537132263,-0.24946008622646332,0.6679534316062927
2026-04-21T20:20:40Z,-0.48208311200141907,0.49678894877433777,-0.27378904819488525,0.6677097082138062
2026-04-21T20:20:50Z,-0.4829820692539215,0.5027446150779724,-0.2722598612308502,0.6632124781608582
2026-04-21T20:21:00Z,-0.4920397400856018,0.5028233528137207,-0.26305046677589417,0.6602045297622681
2026-04-21T20:21:10Z,-0.4971253275871277,0.502903401851654,-0.2539132535457611,0.6599110960960388
2026-04-21T20:21:20Z,-0.4988267421722412,0.5016759037971497,-0.24730896949768066,0.6620661020278931
2026-04-21T20:21:30Z,-0.4977281987667084,0.5006500482559204,-0.24307550489902496,0.6652296185493469
2026-04-21T20:21:40Z,-0.4956408143043518,0.5009161233901978,-0.2406904399394989,0.6674513816833496
2026-04-21T20:21:50Z,-0.4705435037612915,0.508491039276123,-0.255617618560791,0.6743035316467285
2026-04-21T20:22:00Z,-0.44767144322395325,0.5174058675765991,-0.26940977573394775,0.6777166128158569
2026-04-21T20:22:10Z,-0.461521714925766,0.5032371282577515,-0.2551437020301819,0.6845815181732178
2026-04-21T20:22:20Z,-0.4648839235305786,0.5048635005950928,-0.2531206011772156,0.6818546056747437
2026-04-21T20:22:30Z,-0.45333486795425415,0.5217469930648804,-0.2661193311214447,0.6718989014625549
2026-04-21T20:22:40Z,-0.47058600187301636,0.5303886532783508,-0.2583255171775818,0.6561286449432373
2026-04-21T20:22:50Z,-0.4876135587692261,0.5315588116645813,-0.24801501631736755,0.646658182144165
2026-04-21T20:23:00Z,-0.4978208541870117,0.531503438949585,-0.24070967733860016,0.6416677236557007
2026-04-21T20:23:10Z,-0.4998319149017334,0.5322973132133484,-0.23634646832942963,0.6410679221153259
2026-04-21T20:23:20Z,-0.49908486008644104,0.5338309407234192,-0.2341914176940918,0.6411654949188232
2026-04-21T20:23:30Z,-0.49576666951179504,0.5366225838661194,-0.2334146648645401,0.641692578792572
2026-04-21T20:23:40Z,-0.46365436911582947,0.5485859513282776,-0.2571994662284851,0.6464724540710449
2026-04-21T20:23:50Z,-0.43716540932655334,0.5591323375701904,-0.2780050039291382,0.6472794413566589
2026-04-21T20:24:00Z,-0.4236915111541748,0.5673434138298035,-0.29014864563941956,0.6437551379203796
2026-04-21T20:24:10Z,-0.4347233176231384,0.5700594186782837,-0.28625231981277466,0.6356945037841797
2026-04-21T20:24:20Z,-0.4601624310016632,0.567603349685669,-0.26903507113456726,0.6274528503417969
2026-04-21T20:24:30Z,-0.47560587525367737,0.5655615329742432,-0.25630560517311096,0.6230944395065308
2026-04-21T20:24:40Z,-0.46524369716644287,0.5702111721038818,-0.26278355717658997,0.6239811778068542
2026-04-21T20:24:50Z,-0.43806493282318115,0.58083575963974,-0.284649521112442,0.6242623925209045

